Symbol	Ensembl	RefSeq
AAAS	ENSG00000094914	8086
AARS1	ENSG00000090861	16
AARS2	ENSG00000124608	57505
AASS	ENSG00000008311	10157
ABAT	ENSG00000183044	18
ABCA1	ENSG00000165029	19
ABCA2	ENSG00000107331	20
ABCB11	ENSG00000073734	8647
ABCB4	ENSG00000005471	5244
ABCB7	ENSG00000131269	22
ABCC6	ENSG00000091262	368
ABCC9	ENSG00000069431	10060
ABCD1	ENSG00000101986	215
ABCD4	ENSG00000119688	5826
ABCG5	ENSG00000138075	64240
ABCG8	ENSG00000143921	64241
ABHD12	ENSG00000100997	26090
ABHD16A	ENSG00000204427	7920
ABHD5	ENSG00000011198	51099
ABL1	ENSG00000097007	25
ACAD8	ENSG00000151498	27034
ACAD9	ENSG00000177646	28976
ACADM	ENSG00000117054	34
ACADS	ENSG00000122971	35
ACADSB	ENSG00000196177	36
ACADVL	ENSG00000072778	37
ACAN	ENSG00000157766	176
ACAT1	ENSG00000075239	38
ACE	ENSG00000159640	1636
ACO2	ENSG00000100412	50
ACOX1	ENSG00000161533	51
ACP5	ENSG00000102575	54
ACSF3	ENSG00000176715	197322
ACSL4	ENSG00000068366	2182
ACTA2	ENSG00000107796	59
ACTB	ENSG00000075624	60
ACTC1	ENSG00000159251	70
ACTG1	ENSG00000184009	71
ACTG2	ENSG00000163017	72
ACTL6B	ENSG00000077080	51412
ACVR1	ENSG00000115170	90
ACVR2B	ENSG00000114739	93
ACY1	ENSG00000243989	95
ADA	ENSG00000196839	100
ADAM22	ENSG00000008277	53616
ADAMTS10	ENSG00000142303	81794
ADAMTS17	ENSG00000140470	170691
ADAMTSL2	ENSG00000197859	9719
ADAR	ENSG00000160710	103
ADARB1	ENSG00000197381	104
ADAT3	ENSG00000213638	113179
ADD3	ENSG00000148700	120
ADGRG1	ENSG00000205336	9289
ADGRG6	ENSG00000112414	57211
ADK	ENSG00000156110	132
ADNP	ENSG00000101126	23394
ADSL	ENSG00000239900	158
AFF2	ENSG00000155966	2334
AFF4	ENSG00000072364	27125
AFG3L2	ENSG00000141385	10939
AGA	ENSG00000038002	175
AGK	ENSG00000006530	55750
AGL	ENSG00000162688	178
AGO2	ENSG00000123908	27161
AGPS	ENSG00000018510	8540
AGT	ENSG00000135744	183
AGTR1	ENSG00000144891	185
AGXT	ENSG00000172482	189
AHCY	ENSG00000101444	191
AHDC1	ENSG00000126705	27245
AHI1	ENSG00000135541	54806
AIFM1	ENSG00000156709	9131
AIMP1	ENSG00000164022	9255
AIPL1	ENSG00000129221	23746
AIRE	ENSG00000160224	326
AK2	ENSG00000004455	204
AKR1D1	ENSG00000122787	6718
AKT1	ENSG00000142208	207
AKT3	ENSG00000117020	10000
ALAD	ENSG00000148218	210
ALAS2	ENSG00000158578	212
ALDH18A1	ENSG00000059573	5832
ALDH1A3	ENSG00000184254	220
ALDH3A2	ENSG00000072210	224
ALDH4A1	ENSG00000159423	8659
ALDH5A1	ENSG00000112294	7915
ALDH6A1	ENSG00000119711	4329
ALDH7A1	ENSG00000164904	501
ALDOA	ENSG00000149925	226
ALDOB	ENSG00000136872	229
ALG1	ENSG00000033011	56052
ALG11	ENSG00000253710	440138
ALG12	ENSG00000182858	79087
ALG13	ENSG00000101901	79868
ALG14	ENSG00000172339	199857
ALG3	ENSG00000214160	10195
ALG6	ENSG00000088035	29929
ALG8	ENSG00000159063	79053
ALG9	ENSG00000086848	79796
ALMS1	ENSG00000116127	7840
ALPL	ENSG00000162551	249
ALS2	ENSG00000003393	57679
ALX1	ENSG00000180318	8092
ALX3	ENSG00000156150	257
ALX4	ENSG00000052850	60529
AMACR	ENSG00000242110	23600
AMER1	ENSG00000184675	139285
AMN	ENSG00000166126	81693
AMPD2	ENSG00000116337	271
AMT	ENSG00000145020	275
ANAPC1	ENSG00000153107	64682
ANK2	ENSG00000145362	287
ANKH	ENSG00000154122	56172
ANKRD11	ENSG00000167522	29123
ANKRD17	ENSG00000132466	26057
ANKS6	ENSG00000165138	203286
ANO10	ENSG00000160746	55129
ANO5	ENSG00000171714	203859
ANOS1	ENSG00000011201	3730
ANTXR1	ENSG00000169604	84168
ANTXR2	ENSG00000163297	118429
AP1G1	ENSG00000166747	164
AP1S1	ENSG00000106367	1174
AP1S2	ENSG00000182287	8905
AP2M1	ENSG00000161203	1173
AP3B1	ENSG00000132842	8546
AP3B2	ENSG00000103723	8120
AP4B1	ENSG00000134262	10717
AP4E1	ENSG00000081014	23431
AP4M1	ENSG00000221838	9179
AP4S1	ENSG00000100478	11154
APC2	ENSG00000115266	10297
APOA1	ENSG00000118137	335
APOA5	ENSG00000110243	116519
APOB	ENSG00000084674	338
APOC2	ENSG00000234906	344
APOE	ENSG00000130203	348
APRT	ENSG00000198931	353
APTX	ENSG00000137074	54840
AR	ENSG00000169083	367
ARCN1	ENSG00000095139	372
ARF1	ENSG00000143761	375
ARFGEF1	ENSG00000066777	10565
ARFGEF2	ENSG00000124198	10564
ARG1	ENSG00000118520	383
ARHGAP31	ENSG00000031081	57514
ARHGEF9	ENSG00000131089	23229
ARID1A	ENSG00000117713	8289
ARID1B	ENSG00000049618	57492
ARID2	ENSG00000189079	196528
ARL13B	ENSG00000169379	200894
ARL6	ENSG00000113966	84100
ARMC4	ENSG00000169126	55130
ARMC9	ENSG00000135931	80210
ARSA	ENSG00000100299	410
ARSB	ENSG00000113273	411
ARSL	ENSG00000157399	415
ARV1	ENSG00000173409	64801
ARX	ENSG00000004848	170302
ASAH1	ENSG00000104763	427
ASCC1	ENSG00000138303	51008
ASH1L	ENSG00000116539	55870
ASL	ENSG00000126522	435
ASNS	ENSG00000070669	440
ASPA	ENSG00000108381	443
ASPM	ENSG00000066279	259266
ASS1	ENSG00000130707	445
ASXL1	ENSG00000171456	171023
ASXL2	ENSG00000143970	55252
ASXL3	ENSG00000141431	80816
ATAD1	ENSG00000138138	84896
ATAD3A	ENSG00000197785	55210
ATIC	ENSG00000138363	471
ATM	ENSG00000149311	472
ATN1	ENSG00000111676	1822
ATP13A2	ENSG00000159363	23400
ATP1A1	ENSG00000163399	476
ATP1A2	ENSG00000018625	477
ATP1A3	ENSG00000105409	478
ATP5F1D	ENSG00000099624	513
ATP6AP1	ENSG00000071553	537
ATP6AP2	ENSG00000182220	10159
ATP6V0A2	ENSG00000185344	23545
ATP6V1A	ENSG00000114573	523
ATP6V1B1	ENSG00000116039	525
ATP6V1B2	ENSG00000147416	526
ATP7A	ENSG00000165240	538
ATP7B	ENSG00000123191	540
ATP8A2	ENSG00000132932	51761
ATP8B1	ENSG00000081923	5205
ATPAF2	ENSG00000171953	91647
ATR	ENSG00000175054	545
ATRX	ENSG00000085224	546
AUH	ENSG00000148090	549
AUTS2	ENSG00000158321	26053
B3GALNT2	ENSG00000162885	148789
B3GALT6	ENSG00000176022	126792
B3GAT3	ENSG00000149541	26229
B3GLCT	ENSG00000187676	145173
B4GALNT1	ENSG00000135454	2583
B4GALT1	ENSG00000086062	2683
B4GALT7	ENSG00000027847	11285
B9D2	ENSG00000123810	80776
BAAT	ENSG00000136881	570
BBS1	ENSG00000174483	582
BBS10	ENSG00000179941	79738
BBS12	ENSG00000181004	166379
BBS2	ENSG00000125124	583
BBS4	ENSG00000140463	585
BBS5	ENSG00000163093	129880
BBS7	ENSG00000138686	55212
BBS9	ENSG00000122507	27241
BCAP31	ENSG00000185825	10134
BCAS3	ENSG00000141376	54828
BCAT2	ENSG00000105552	587
BCKDHA	ENSG00000248098	593
BCKDHB	ENSG00000083123	594
BCKDK	ENSG00000103507	10295
BCL11A	ENSG00000119866	53335
BCL11B	ENSG00000127152	64919
BCOR	ENSG00000183337	54880
BCS1L	ENSG00000074582	617
BFSP2	ENSG00000170819	8419
BGN	ENSG00000182492	633
BHLHA9	ENSG00000205899	727857
BICD2	ENSG00000185963	23299
BICRA	ENSG00000063169	29998
BIN1	ENSG00000136717	274
BLM	ENSG00000197299	641
BMP1	ENSG00000168487	649
BMP2	ENSG00000125845	650
BMP4	ENSG00000125378	652
BMPER	ENSG00000164619	168667
BMPR1B	ENSG00000138696	658
BNC2	ENSG00000173068	54796
BOLA3	ENSG00000163170	388962
BPNT2	ENSG00000104331	54928
BPTF	ENSG00000171634	2186
BRAF	ENSG00000157764	673
BRAT1	ENSG00000106009	221927
BRCA1	ENSG00000012048	672
BRCA2	ENSG00000139618	675
BRF1	ENSG00000185024	2972
BRIP1	ENSG00000136492	83990
BRPF1	ENSG00000156983	7862
BRWD3	ENSG00000165288	254065
BSCL2	ENSG00000168000	26580
BSND	ENSG00000162399	7809
BTD	ENSG00000169814	686
BUB1B	ENSG00000156970	701
C12orf4	ENSG00000047621	57102
C12orf57	ENSG00000111678	113246
C12orf65	ENSG00000130921	91574
C19orf12	ENSG00000131943	83636
C1QBP	ENSG00000108561	708
C2CD3	ENSG00000168014	26005
C8orf37	ENSG00000156172	157657
CA2	ENSG00000104267	760
CA5A	ENSG00000174990	763
CA8	ENSG00000178538	767
CACNA1A	ENSG00000141837	773
CACNA1B	ENSG00000148408	774
CACNA1C	ENSG00000151067	775
CACNA1D	ENSG00000157388	776
CACNA1E	ENSG00000198216	777
CACNA1G	ENSG00000006283	8913
CACNA1I	ENSG00000100346	8911
CAD	ENSG00000084774	790
CAMK2A	ENSG00000070808	815
CAMK2B	ENSG00000058404	816
CAMTA1	ENSG00000171735	23261
CANT1	ENSG00000171302	124583
CAPN15	ENSG00000103326	6650
CARS1	ENSG00000110619	833
CARS2	ENSG00000134905	79587
CASK	ENSG00000147044	8573
CASR	ENSG00000036828	846
CAT	ENSG00000121691	847
CBL	ENSG00000110395	867
CBLIF	ENSG00000134812	2694
CBS	ENSG00000160200	875
CC2D1A	ENSG00000132024	54862
CC2D2A	ENSG00000048342	57545
CCBE1	ENSG00000183287	147372
CCDC103	ENSG00000167131	388389
CCDC114	ENSG00000105479	93233
CCDC115	ENSG00000136710	84317
CCDC22	ENSG00000101997	28952
CCDC39	ENSG00000284862	339829
CCDC40	ENSG00000141519	55036
CCDC47	ENSG00000108588	57003
CCDC65	ENSG00000139537	85478
CCDC8	ENSG00000169515	83987
CCDC88C	ENSG00000015133	440193
CCN6	ENSG00000112761	8838
CCND2	ENSG00000118971	894
CCNO	ENSG00000152669	10309
CCNQ	ENSG00000262919	92002
CDC42	ENSG00000070831	998
CDC45	ENSG00000093009	8318
CDC6	ENSG00000094804	990
CDH1	ENSG00000039068	999
CDH11	ENSG00000140937	1009
CDH2	ENSG00000170558	1000
CDH23	ENSG00000107736	64072
CDH3	ENSG00000062038	1001
CDK10	ENSG00000185324	8558
CDK13	ENSG00000065883	8621
CDK19	ENSG00000155111	23097
CDK5RAP2	ENSG00000136861	55755
CDK8	ENSG00000132964	1024
CDKL5	ENSG00000008086	6792
CDKN1C	ENSG00000129757	1028
CDON	ENSG00000064309	50937
CDT1	ENSG00000167513	81620
CENPF	ENSG00000117724	1063
CENPJ	ENSG00000151849	55835
CEP104	ENSG00000116198	9731
CEP120	ENSG00000168944	153241
CEP135	ENSG00000174799	9662
CEP152	ENSG00000103995	22995
CEP164	ENSG00000110274	22897
CEP290	ENSG00000198707	80184
CEP41	ENSG00000106477	95681
CEP55	ENSG00000138180	55165
CEP57	ENSG00000166037	9702
CEP83	ENSG00000173588	51134
CEP85L	ENSG00000111860	387119
CERT1	ENSG00000113163	10087
CFAP300	ENSG00000137691	85016
CFAP410	ENSG00000160226	755
CFAP53	ENSG00000172361	220136
CFC1	ENSG00000136698	55997
CHAMP1	ENSG00000198824	283489
CHCHD10	ENSG00000250479	400916
CHD2	ENSG00000173575	1106
CHD3	ENSG00000170004	1107
CHD4	ENSG00000111642	1108
CHD5	ENSG00000116254	26038
CHD7	ENSG00000171316	55636
CHD8	ENSG00000100888	57680
CHKB	ENSG00000100288	1120
CHM	ENSG00000188419	1121
CHMP1A	ENSG00000131165	5119
CHRDL1	ENSG00000101938	91851
CHRNA3	ENSG00000080644	1136
CHRNA4	ENSG00000101204	1137
CHRNG	ENSG00000196811	1146
CHST14	ENSG00000169105	113189
CHST3	ENSG00000122863	9469
CHST6	ENSG00000183196	4166
CHSY1	ENSG00000131873	22856
CHUK	ENSG00000213341	1147
CIB2	ENSG00000136425	10518
CIC	ENSG00000079432	23152
CILK1	ENSG00000112144	22858
CISD2	ENSG00000145354	493856
CIT	ENSG00000122966	11113
CKAP2L	ENSG00000169607	150468
CLCN3	ENSG00000109572	1182
CLCN4	ENSG00000073464	1183
CLCN5	ENSG00000171365	1184
CLCN7	ENSG00000103249	1186
CLDN16	ENSG00000113946	10686
CLDN19	ENSG00000164007	149461
CLN3	ENSG00000261832	1201
CLN5	ENSG00000102805	1203
CLN6	ENSG00000128973	54982
CLN8	ENSG00000182372	2055
CLP1	ENSG00000172409	10978
CLPB	ENSG00000162129	81570
CLPP	ENSG00000125656	8192
CLTC	ENSG00000141367	1213
CNKSR2	ENSG00000149970	22866
CNNM2	ENSG00000148842	54805
CNOT1	ENSG00000125107	23019
CNOT2	ENSG00000111596	4848
CNOT3	ENSG00000088038	4849
CNTNAP1	ENSG00000108797	8506
CNTNAP2	ENSG00000174469	26047
COA6	ENSG00000168275	388753
COA7	ENSG00000162377	65260
COA8	ENSG00000256053	84334
COASY	ENSG00000068120	80347
COG1	ENSG00000166685	9382
COG4	ENSG00000103051	25839
COG5	ENSG00000164597	10466
COG6	ENSG00000133103	57511
COG7	ENSG00000168434	91949
COG8	ENSG00000213380	84342
COL10A1	ENSG00000123500	1300
COL11A1	ENSG00000060718	1301
COL11A2	ENSG00000204248	1302
COL18A1	ENSG00000182871	80781
COL1A1	ENSG00000108821	1277
COL1A2	ENSG00000164692	1278
COL2A1	ENSG00000139219	1280
COL4A1	ENSG00000187498	1282
COL4A2	ENSG00000134871	1284
COL4A3	ENSG00000169031	1285
COL4A4	ENSG00000081052	1286
COL6A1	ENSG00000142156	1291
COL6A3	ENSG00000163359	1293
COL9A1	ENSG00000112280	1297
COL9A2	ENSG00000049089	1298
COL9A3	ENSG00000092758	1299
COLEC10	ENSG00000184374	10584
COLEC11	ENSG00000118004	78989
COMP	ENSG00000105664	1311
COPB2	ENSG00000184432	9276
COQ2	ENSG00000173085	27235
COQ4	ENSG00000167113	51117
COQ6	ENSG00000119723	51004
COQ7	ENSG00000167186	10229
COQ8A	ENSG00000163050	56997
COQ8B	ENSG00000123815	79934
COQ9	ENSG00000088682	57017
COX10	ENSG00000006695	1352
COX14	ENSG00000178449	84987
COX15	ENSG00000014919	1355
COX20	ENSG00000203667	116228
COX6A1	ENSG00000111775	1337
COX6B1	ENSG00000126267	1340
COX7B	ENSG00000131174	1349
CP	ENSG00000047457	1356
CPE	ENSG00000109472	1363
CPLANE1	ENSG00000197603	65250
CPOX	ENSG00000080819	1371
CPS1	ENSG00000021826	1373
CPT1A	ENSG00000110090	1374
CPT2	ENSG00000157184	1376
CRADD	ENSG00000169372	8738
CRB1	ENSG00000134376	23418
CRB2	ENSG00000148204	286204
CREB3L1	ENSG00000157613	90993
CREBBP	ENSG00000005339	1387
CRPPA	ENSG00000214960	729920
CRTAP	ENSG00000170275	10491
CRX	ENSG00000105392	1406
CRYAA	ENSG00000160202	1409
CRYBA1	ENSG00000108255	1411
CRYBA4	ENSG00000196431	1413
CRYBB1	ENSG00000100122	1414
CRYBB2	ENSG00000244752	1415
CRYBB3	ENSG00000100053	1417
CRYGC	ENSG00000163254	1420
CRYGD	ENSG00000118231	1421
CSF1R	ENSG00000182578	1436
CSGALNACT1	ENSG00000147408	55790
CSNK2A1	ENSG00000101266	1457
CSNK2B	ENSG00000204435	1460
CSPP1	ENSG00000104218	79848
CSTB	ENSG00000160213	1476
CTBP1	ENSG00000159692	1487
CTC1	ENSG00000178971	80169
CTCF	ENSG00000102974	10664
CTDP1	ENSG00000060069	9150
CTH	ENSG00000116761	1491
CTNNA2	ENSG00000066032	1496
CTNNB1	ENSG00000168036	1499
CTNND1	ENSG00000198561	1500
CTNS	ENSG00000040531	1497
CTSA	ENSG00000064601	5476
CTSC	ENSG00000109861	1075
CTSD	ENSG00000117984	1509
CTSK	ENSG00000143387	1513
CTU2	ENSG00000174177	348180
CUBN	ENSG00000107611	8029
CUL4B	ENSG00000158290	8450
CUL7	ENSG00000044090	9820
CUX1	ENSG00000257923	1523
CUX2	ENSG00000111249	23316
CWC27	ENSG00000153015	10283
CWF19L1	ENSG00000095485	55280
CXorf56	ENSG00000018610	63932
CYB5R3	ENSG00000100243	1727
CYC1	ENSG00000179091	1537
CYFIP2	ENSG00000055163	26999
CYP1B1	ENSG00000138061	1545
CYP27A1	ENSG00000135929	1593
CYP27B1	ENSG00000111012	1594
CYP2R1	ENSG00000186104	120227
CYP2U1	ENSG00000155016	113612
CYP7B1	ENSG00000172817	9420
D2HGDH	ENSG00000180902	728294
DAG1	ENSG00000173402	1605
DARS1	ENSG00000115866	1615
DARS2	ENSG00000117593	55157
DBH	ENSG00000123454	1621
DBT	ENSG00000137992	1629
DCAF17	ENSG00000115827	80067
DCHS1	ENSG00000166341	8642
DCPS	ENSG00000110063	28960
DCX	ENSG00000077279	1641
DDB1	ENSG00000167986	1642
DDB2	ENSG00000134574	1643
DDC	ENSG00000132437	1644
DDHD1	ENSG00000100523	80821
DDHD2	ENSG00000085788	23259
DDOST	ENSG00000244038	1650
DDR2	ENSG00000162733	4921
DDX11	ENSG00000013573	1663
DDX3X	ENSG00000215301	1654
DDX59	ENSG00000118197	83479
DDX6	ENSG00000110367	1656
DEAF1	ENSG00000177030	10522
DEGS1	ENSG00000143753	8560
DEPDC5	ENSG00000100150	9681
DGUOK	ENSG00000114956	1716
DHCR24	ENSG00000116133	1718
DHCR7	ENSG00000172893	1717
DHDDS	ENSG00000117682	79947
DHFR	ENSG00000228716	1719
DHODH	ENSG00000102967	1723
DHPS	ENSG00000095059	1725
DHTKD1	ENSG00000181192	55526
DHX30	ENSG00000132153	22907
DHX37	ENSG00000150990	57647
DIAPH1	ENSG00000131504	1729
DIS3L2	ENSG00000144535	129563
DKC1	ENSG00000130826	1736
DLAT	ENSG00000150768	1737
DLD	ENSG00000091140	1738
DLG3	ENSG00000082458	1741
DLG4	ENSG00000132535	1742
DLL1	ENSG00000198719	28514
DLL3	ENSG00000090932	10683
DLL4	ENSG00000128917	54567
DLX3	ENSG00000064195	1747
DLX5	ENSG00000105880	1749
DMD	ENSG00000198947	1756
DMP1	ENSG00000152592	1758
DMPK	ENSG00000104936	1760
DMXL2	ENSG00000104093	23312
DNA2	ENSG00000138346	1763
DNAAF3	ENSG00000167646	352909
DNAAF4	ENSG00000256061	161582
DNAH9	ENSG00000007174	1770
DNAJC12	ENSG00000108176	56521
DNAJC19	ENSG00000205981	131118
DNAJC5	ENSG00000101152	80331
DNM1	ENSG00000106976	1759
DNM1L	ENSG00000087470	10059
DNM2	ENSG00000079805	1785
DNMT3A	ENSG00000119772	1788
DNMT3B	ENSG00000088305	1789
DOCK3	ENSG00000088538	1795
DOCK6	ENSG00000130158	57572
DOCK7	ENSG00000116641	85440
DOCK8	ENSG00000107099	81704
DOLK	ENSG00000175283	22845
DPAGT1	ENSG00000172269	1798
DPF2	ENSG00000133884	5977
DPH1	ENSG00000108963	1801
DPM1	ENSG00000000419	8813
DPM2	ENSG00000136908	8818
DPM3	ENSG00000179085	54344
DPP6	ENSG00000130226	1804
DPYD	ENSG00000188641	1806
DPYS	ENSG00000147647	1807
DPYSL5	ENSG00000157851	56896
DSPP	ENSG00000152591	1834
DSTYK	ENSG00000133059	25778
DVL1	ENSG00000107404	1855
DVL3	ENSG00000161202	1857
DYM	ENSG00000141627	54808
DYNC1H1	ENSG00000197102	1778
DYNC2H1	ENSG00000187240	79659
DYNC2LI1	ENSG00000138036	51626
DYRK1A	ENSG00000157540	1859
EARS2	ENSG00000103356	124454
EBF3	ENSG00000108001	253738
EBP	ENSG00000147155	10682
ECEL1	ENSG00000171551	9427
ECHS1	ENSG00000127884	1892
EDA	ENSG00000158813	1896
EDAR	ENSG00000135960	10913
EDNRA	ENSG00000151617	1909
EDNRB	ENSG00000136160	1910
EED	ENSG00000074266	8726
EEF1A2	ENSG00000101210	1917
EFNB1	ENSG00000090776	1947
EFTUD2	ENSG00000108883	9343
EGR2	ENSG00000122877	1959
EHMT1	ENSG00000181090	79813
EIF2AK2	ENSG00000055332	5610
EIF2AK3	ENSG00000172071	9451
EIF2S3	ENSG00000130741	1968
EIF3F	ENSG00000175390	8665
EIF4A3	ENSG00000141543	9775
EIF5A	ENSG00000132507	1984
ELAC2	ENSG00000006744	60528
ELN	ENSG00000049540	2006
ELOVL4	ENSG00000118402	6785
ELP2	ENSG00000134759	55250
EMC1	ENSG00000127463	23065
EMC10	ENSG00000161671	284361
EML1	ENSG00000066629	2009
EMX2	ENSG00000170370	2018
ENO3	ENSG00000108515	2027
ENPP1	ENSG00000197594	5167
EOGT	ENSG00000163378	285203
EP300	ENSG00000100393	2033
EPG5	ENSG00000152223	57724
EPM2A	ENSG00000112425	7957
ERBB4	ENSG00000178568	2066
ERCC1	ENSG00000012061	2067
ERCC2	ENSG00000104884	2068
ERCC3	ENSG00000163161	2071
ERCC4	ENSG00000175595	2072
ERCC5	ENSG00000134899	2073
ERCC6	ENSG00000225830	2074
ERCC6L2	ENSG00000182150	375748
ERCC8	ENSG00000049167	1161
ERF	ENSG00000105722	2077
ERLIN2	ENSG00000147475	11160
ESCO2	ENSG00000171320	157570
ETFA	ENSG00000140374	2108
ETFB	ENSG00000105379	2109
ETFDH	ENSG00000171503	2110
ETHE1	ENSG00000105755	23474
EVC	ENSG00000072840	2121
EVC2	ENSG00000173040	132884
EXOSC3	ENSG00000107371	51010
EXT1	ENSG00000182197	2131
EXT2	ENSG00000151348	2132
EXTL3	ENSG00000012232	2137
EYA1	ENSG00000104313	2138
EZH2	ENSG00000106462	2146
FA2H	ENSG00000103089	79152
FAH	ENSG00000103876	2184
FAM111A	ENSG00000166801	63901
FAM126A	ENSG00000122591	84668
FAM161A	ENSG00000170264	84140
FAM20A	ENSG00000108950	54757
FAM20C	ENSG00000177706	56975
FAM50A	ENSG00000071859	9130
FANCA	ENSG00000187741	2175
FANCB	ENSG00000181544	2187
FANCC	ENSG00000158169	2176
FANCD2	ENSG00000144554	2177
FANCE	ENSG00000112039	2178
FANCF	ENSG00000183161	2188
FANCG	ENSG00000221829	2189
FANCI	ENSG00000140525	55215
FANCL	ENSG00000115392	55120
FAR1	ENSG00000197601	84188
FARS2	ENSG00000145982	10667
FARSA	ENSG00000179115	2193
FASTKD2	ENSG00000118246	22868
FAT4	ENSG00000196159	79633
FBN1	ENSG00000166147	2200
FBN2	ENSG00000138829	2201
FBP1	ENSG00000165140	2203
FBXL3	ENSG00000005812	26224
FBXL4	ENSG00000112234	26235
FBXO11	ENSG00000138081	80204
FBXO31	ENSG00000103264	79791
FBXW11	ENSG00000072803	23291
FDX2	ENSG00000267673	112812
FDXR	ENSG00000161513	2232
FECH	ENSG00000066926	2235
FERMT3	ENSG00000149781	83706
FGD1	ENSG00000102302	2245
FGF10	ENSG00000070193	2255
FGF12	ENSG00000114279	2257
FGF16	ENSG00000196468	8823
FGF23	ENSG00000118972	8074
FGF3	ENSG00000186895	2248
FGFR1	ENSG00000077782	2260
FGFR2	ENSG00000066468	2263
FGFR3	ENSG00000068078	2261
FH	ENSG00000091483	2271
FHL1	ENSG00000022267	2273
FIG4	ENSG00000112367	9896
FKBP10	ENSG00000141756	60681
FKBP14	ENSG00000106080	55033
FKRP	ENSG00000181027	79147
FKTN	ENSG00000106692	2218
FLAD1	ENSG00000160688	80308
FLNA	ENSG00000196924	2316
FLNB	ENSG00000136068	2317
FLT4	ENSG00000037280	2324
FLVCR1	ENSG00000162769	28982
FLVCR2	ENSG00000119686	55640
FMN2	ENSG00000155816	56776
FMO3	ENSG00000007933	2328
FMR1	ENSG00000102081	2332
FN1	ENSG00000115414	2335
FOLR1	ENSG00000110195	2348
FOXC1	ENSG00000054598	2296
FOXC2	ENSG00000176692	2303
FOXE1	ENSG00000178919	2304
FOXE3	ENSG00000186790	2301
FOXF1	ENSG00000103241	2294
FOXG1	ENSG00000176165	2290
FOXN1	ENSG00000109101	8456
FOXP1	ENSG00000114861	27086
FOXP2	ENSG00000128573	93986
FOXP3	ENSG00000049768	50943
FOXRED1	ENSG00000110074	55572
FRAS1	ENSG00000138759	80144
FREM1	ENSG00000164946	158326
FREM2	ENSG00000150893	341640
FRMD7	ENSG00000165694	90167
FRMPD4	ENSG00000169933	9758
FTCD	ENSG00000160282	10841
FTL	ENSG00000087086	2512
FTSJ1	ENSG00000068438	24140
FUCA1	ENSG00000179163	2517
FUT8	ENSG00000033170	2530
FXN	ENSG00000165060	2395
FYCO1	ENSG00000163820	79443
FZD2	ENSG00000180340	2535
FZD6	ENSG00000164930	8323
G6PC	ENSG00000131482	2538
G6PC3	ENSG00000141349	92579
GAA	ENSG00000171298	2548
GABBR2	ENSG00000136928	9568
GABRA1	ENSG00000022355	2554
GABRA2	ENSG00000151834	2555
GABRA5	ENSG00000186297	2558
GABRB2	ENSG00000145864	2561
GABRB3	ENSG00000166206	2562
GABRD	ENSG00000187730	2563
GABRG2	ENSG00000113327	2566
GAD1	ENSG00000128683	2571
GALC	ENSG00000054983	2581
GALE	ENSG00000117308	2582
GALK1	ENSG00000108479	2584
GALM	ENSG00000143891	130589
GALNS	ENSG00000141012	2588
GALNT2	ENSG00000143641	2590
GALNT3	ENSG00000115339	2591
GALT	ENSG00000213930	2592
GAMT	ENSG00000130005	2593
GARS1	ENSG00000106105	2617
GAS8	ENSG00000141013	2622
GATA2	ENSG00000179348	2624
GATA3	ENSG00000107485	2625
GATA4	ENSG00000136574	2626
GATA6	ENSG00000141448	2627
GATAD2B	ENSG00000143614	57459
GATM	ENSG00000171766	2628
GBA	ENSG00000177628	2629
GBA2	ENSG00000070610	57704
GBE1	ENSG00000114480	2632
GCDH	ENSG00000105607	2639
GCH1	ENSG00000131979	2643
GCLC	ENSG00000001084	2729
GDAP1	ENSG00000104381	54332
GDF1	ENSG00000130283	2657
GDF5	ENSG00000125965	8200
GDF6	ENSG00000156466	392255
GDI1	ENSG00000203879	2664
GEMIN5	ENSG00000082516	25929
GFAP	ENSG00000131095	2670
GFER	ENSG00000127554	2671
GFM1	ENSG00000168827	85476
GFM2	ENSG00000164347	84340
GFPT1	ENSG00000198380	2673
GHR	ENSG00000112964	2690
GJA1	ENSG00000152661	2697
GJA3	ENSG00000121743	2700
GJA8	ENSG00000121634	2703
GJB3	ENSG00000188910	2707
GJC2	ENSG00000198835	57165
GK	ENSG00000198814	2710
GLA	ENSG00000102393	2717
GLB1	ENSG00000170266	2720
GLDC	ENSG00000178445	2731
GLE1	ENSG00000119392	2733
GLI1	ENSG00000111087	2735
GLI2	ENSG00000074047	2736
GLI3	ENSG00000106571	2737
GLIS3	ENSG00000107249	169792
GLMN	ENSG00000174842	11146
GLRA1	ENSG00000145888	2741
GLRX5	ENSG00000182512	51218
GLS	ENSG00000115419	2744
GLUD1	ENSG00000148672	2746
GLUL	ENSG00000135821	2752
GLYCTK	ENSG00000168237	132158
GM2A	ENSG00000196743	2760
GMPPA	ENSG00000144591	29926
GMPPB	ENSG00000173540	29925
GNAI1	ENSG00000127955	2770
GNAI3	ENSG00000065135	2773
GNAO1	ENSG00000087258	2775
GNAS	ENSG00000087460	2778
GNB1	ENSG00000078369	2782
GNB2	ENSG00000172354	2783
GNB5	ENSG00000069966	10681
GNE	ENSG00000159921	10020
GNMT	ENSG00000124713	27232
GNPAT	ENSG00000116906	8443
GNPTAB	ENSG00000111670	79158
GNPTG	ENSG00000090581	84572
GNS	ENSG00000135677	2799
GORAB	ENSG00000120370	92344
GPAA1	ENSG00000197858	8733
GPC3	ENSG00000147257	2719
GPC4	ENSG00000076716	2239
GPC6	ENSG00000183098	10082
GPD1	ENSG00000167588	2819
GPHN	ENSG00000171723	10243
GPSM2	ENSG00000121957	29899
GPT2	ENSG00000166123	84706
GREB1L	ENSG00000141449	80000
GRHL3	ENSG00000158055	57822
GRHPR	ENSG00000137106	9380
GRIA2	ENSG00000120251	2891
GRIA3	ENSG00000125675	2892
GRIA4	ENSG00000152578	2893
GRID2	ENSG00000152208	2895
GRIK2	ENSG00000164418	2898
GRIN1	ENSG00000176884	2902
GRIN2A	ENSG00000183454	2903
GRIN2B	ENSG00000273079	2904
GRIN2D	ENSG00000105464	2906
GRIP1	ENSG00000155974	23426
GRM1	ENSG00000152822	2911
GRM6	ENSG00000113262	2916
GSC	ENSG00000133937	145258
GSS	ENSG00000100983	2937
GTF2E2	ENSG00000197265	2961
GTF2H5	ENSG00000272047	404672
GTPBP2	ENSG00000172432	54676
GTPBP3	ENSG00000130299	84705
GUCY2C	ENSG00000070019	2984
GUSB	ENSG00000169919	2990
GYG1	ENSG00000163754	2992
GYS1	ENSG00000104812	2997
GYS2	ENSG00000111713	2998
GZF1	ENSG00000125812	64412
H1-4	ENSG00000168298	3008
H3-3A	ENSG00000163041	3020
H3-3B	ENSG00000132475	3021
H4C3	ENSG00000197061	8364
HAAO	ENSG00000162882	23498
HACE1	ENSG00000085382	57531
HADH	ENSG00000138796	3033
HADHA	ENSG00000084754	3030
HADHB	ENSG00000138029	3032
HAMP	ENSG00000105697	57817
HARS2	ENSG00000112855	23438
HAX1	ENSG00000143575	10456
HCCS	ENSG00000004961	3052
HCFC1	ENSG00000172534	3054
HCN1	ENSG00000164588	348980
HDAC4	ENSG00000068024	9759
HDAC8	ENSG00000147099	55869
HECW2	ENSG00000138411	57520
HEPACAM	ENSG00000165478	220296
HERC1	ENSG00000103657	8925
HERC2	ENSG00000128731	8924
HES7	ENSG00000179111	84667
HESX1	ENSG00000163666	8820
HEXA	ENSG00000213614	3073
HEXB	ENSG00000049860	3074
HFE	ENSG00000010704	3077
HGD	ENSG00000113924	3081
HGSNAT	ENSG00000165102	138050
HIBCH	ENSG00000198130	26275
HID1	ENSG00000167861	283987
HINT1	ENSG00000169567	3094
HIVEP2	ENSG00000010818	3097
HJV	ENSG00000168509	148738
HK1	ENSG00000156515	3098
HLCS	ENSG00000159267	3141
HMBS	ENSG00000256269	3145
HMGCL	ENSG00000117305	3155
HMGCS2	ENSG00000134240	3158
HNF1B	ENSG00000275410	6928
HNF4A	ENSG00000101076	3172
HNMT	ENSG00000150540	3176
HNRNPH1	ENSG00000169045	3187
HNRNPH2	ENSG00000126945	3188
HNRNPK	ENSG00000165119	3190
HNRNPR	ENSG00000125944	10236
HNRNPU	ENSG00000153187	3192
HOGA1	ENSG00000241935	112817
HOXA1	ENSG00000105991	3198
HOXA13	ENSG00000106031	3209
HOXC13	ENSG00000123364	3229
HOXD13	ENSG00000128714	3239
HPD	ENSG00000158104	3242
HPDL	ENSG00000186603	84842
HPGD	ENSG00000164120	3248
HPRT1	ENSG00000165704	3251
HPS1	ENSG00000107521	3257
HPSE2	ENSG00000172987	60495
HR	ENSG00000168453	55806
HRAS	ENSG00000174775	3265
HS2ST1	ENSG00000153936	9653
HSD17B10	ENSG00000072506	3028
HSD17B4	ENSG00000133835	3295
HSD3B7	ENSG00000099377	80270
HSF4	ENSG00000102878	3299
HSPD1	ENSG00000144381	3329
HSPG2	ENSG00000142798	3339
HTRA2	ENSG00000115317	27429
HUWE1	ENSG00000086758	10075
HYAL1	ENSG00000114378	3373
HYDIN	ENSG00000157423	54768
HYLS1	ENSG00000198331	219844
IARS1	ENSG00000196305	3376
IARS2	ENSG00000067704	55699
IBA57	ENSG00000181873	200205
IDH1	ENSG00000138413	3417
IDH2	ENSG00000182054	3418
IDS	ENSG00000010404	3423
IDUA	ENSG00000127415	3425
IER3IP1	ENSG00000134049	51124
IFIH1	ENSG00000115267	64135
IFITM5	ENSG00000206013	387733
IFT122	ENSG00000163913	55764
IFT140	ENSG00000187535	9742
IFT172	ENSG00000138002	26160
IFT27	ENSG00000100360	11020
IFT43	ENSG00000119650	112752
IFT52	ENSG00000101052	51098
IFT74	ENSG00000096872	80173
IFT80	ENSG00000068885	57560
IFT81	ENSG00000122970	28981
IGF1	ENSG00000017427	3479
IGF1R	ENSG00000140443	3480
IGF2	ENSG00000167244	3481
IGHMBP2	ENSG00000132740	3508
IGSF1	ENSG00000147255	3547
IHH	ENSG00000163501	3549
IKBKG	ENSG00000269335	8517
IL11RA	ENSG00000137070	3590
IL1RAPL1	ENSG00000169306	11141
IL1RN	ENSG00000136689	3557
INPP5E	ENSG00000148384	56623
INPP5K	ENSG00000132376	51763
INPPL1	ENSG00000165458	3636
INTS1	ENSG00000164880	26173
INVS	ENSG00000119509	27130
IQCB1	ENSG00000173226	9657
IQCE	ENSG00000106012	23288
IQSEC2	ENSG00000124313	23096
IRF2BPL	ENSG00000119669	64207
IRF6	ENSG00000117595	3664
IRX5	ENSG00000176842	10265
ISCA1	ENSG00000135070	81689
ISCA2	ENSG00000165898	122961
ISCU	ENSG00000136003	23479
ITGA3	ENSG00000005884	3675
ITGA7	ENSG00000135424	3679
ITGA8	ENSG00000077943	8516
ITPA	ENSG00000125877	3704
ITPR1	ENSG00000150995	3708
IVD	ENSG00000128928	3712
JAG1	ENSG00000101384	182
JAGN1	ENSG00000171135	84522
JAK3	ENSG00000105639	3718
JAM3	ENSG00000166086	83700
JARID2	ENSG00000008083	3720
KANSL1	ENSG00000120071	284058
KARS1	ENSG00000065427	3735
KAT5	ENSG00000172977	10524
KAT6A	ENSG00000083168	7994
KAT6B	ENSG00000156650	23522
KAT8	ENSG00000103510	84148
KBTBD13	ENSG00000234438	390594
KCNA2	ENSG00000177301	3737
KCNB1	ENSG00000158445	3745
KCNC1	ENSG00000129159	3746
KCNH1	ENSG00000143473	3756
KCNJ10	ENSG00000177807	3766
KCNJ11	ENSG00000187486	3767
KCNJ2	ENSG00000123700	3759
KCNJ6	ENSG00000157542	3763
KCNK9	ENSG00000169427	51305
KCNMA1	ENSG00000156113	3778
KCNN2	ENSG00000080709	3781
KCNN3	ENSG00000143603	3782
KCNQ1	ENSG00000053918	3784
KCNQ2	ENSG00000075043	3785
KCNQ3	ENSG00000184156	3786
KCNQ5	ENSG00000185760	56479
KCNT1	ENSG00000107147	57582
KCNT2	ENSG00000162687	343450
KCTD1	ENSG00000134504	284252
KCTD7	ENSG00000243335	154881
KDELR2	ENSG00000136240	11014
KDM1A	ENSG00000004487	23028
KDM3B	ENSG00000120733	51780
KDM4B	ENSG00000127663	23030
KDM5B	ENSG00000117139	10765
KDM5C	ENSG00000126012	8242
KDM6A	ENSG00000147050	7403
KDM6B	ENSG00000132510	23135
KIAA0586	ENSG00000100578	9786
KIAA0753	ENSG00000198920	9851
KIAA0825	ENSG00000185261	285600
KIAA1109	ENSG00000138688	84162
KIDINS220	ENSG00000134313	57498
KIF11	ENSG00000138160	3832
KIF14	ENSG00000118193	9928
KIF1A	ENSG00000130294	547
KIF22	ENSG00000079616	3835
KIF2A	ENSG00000068796	3796
KIF5A	ENSG00000155980	3798
KIF5C	ENSG00000168280	3800
KIF7	ENSG00000166813	374654
KIFBP	ENSG00000198954	26128
KIT	ENSG00000157404	3815
KLF1	ENSG00000105610	10661
KLHL40	ENSG00000157119	131377
KLHL7	ENSG00000122550	55975
KMT2A	ENSG00000118058	4297
KMT2C	ENSG00000055609	58508
KMT2D	ENSG00000167548	8085
KMT2E	ENSG00000005483	55904
KMT5B	ENSG00000110066	51111
KNL1	ENSG00000137812	57082
KPTN	ENSG00000118162	11133
KRAS	ENSG00000133703	3845
KRIT1	ENSG00000001631	889
KYNU	ENSG00000115919	8942
L1CAM	ENSG00000198910	3897
L2HGDH	ENSG00000087299	79944
LAMA1	ENSG00000101680	284217
LAMA2	ENSG00000196569	3908
LAMB1	ENSG00000091136	3912
LAMC3	ENSG00000050555	10319
LAMP2	ENSG00000005893	3920
LARGE1	ENSG00000133424	9215
LARP7	ENSG00000174720	51574
LARS1	ENSG00000133706	51520
LARS2	ENSG00000011376	23395
LBR	ENSG00000143815	3930
LCAT	ENSG00000213398	3931
LCT	ENSG00000115850	3938
LDB3	ENSG00000122367	11155
LDHA	ENSG00000134333	3939
LDLR	ENSG00000130164	3949
LDLRAP1	ENSG00000157978	26119
LEMD3	ENSG00000174106	23592
LFNG	ENSG00000106003	3955
LHX3	ENSG00000107187	8022
LHX4	ENSG00000121454	89884
LIAS	ENSG00000121897	11019
LIFR	ENSG00000113594	3977
LIG4	ENSG00000174405	3981
LINS1	ENSG00000140471	55180
LIPA	ENSG00000107798	3988
LIPT1	ENSG00000144182	51601
LIPT2	ENSG00000175536	387787
LMBR1	ENSG00000105983	64327
LMBRD1	ENSG00000168216	55788
LMBRD2	ENSG00000164187	92255
LMNA	ENSG00000160789	4000
LMNB1	ENSG00000113368	4001
LMX1B	ENSG00000136944	4010
LONP1	ENSG00000196365	9361
LPIN1	ENSG00000134324	23175
LPIN2	ENSG00000101577	9663
LPL	ENSG00000175445	4023
LRIG2	ENSG00000198799	9860
LRP2	ENSG00000081479	4036
LRP4	ENSG00000134569	4038
LRP5	ENSG00000162337	4041
LRPPRC	ENSG00000138095	10128
LRRC6	ENSG00000129295	23639
LRRK1	ENSG00000154237	79705
LSS	ENSG00000160285	4047
LTBP1	ENSG00000049323	4052
LTBP2	ENSG00000119681	4053
LTBP3	ENSG00000168056	4054
LYRM7	ENSG00000186687	90624
LYST	ENSG00000143669	1130
LZTFL1	ENSG00000163818	54585
LZTR1	ENSG00000099949	8216
MAB21L1	ENSG00000180660	4081
MAB21L2	ENSG00000181541	10586
MACF1	ENSG00000127603	23499
MADD	ENSG00000110514	8567
MAF	ENSG00000178573	4094
MAFB	ENSG00000204103	9935
MAGEL2	ENSG00000254585	54551
MAGT1	ENSG00000102158	84061
MAN1B1	ENSG00000177239	11253
MAN2B1	ENSG00000104774	4125
MANBA	ENSG00000109323	4126
MAOA	ENSG00000189221	4128
MAP1B	ENSG00000131711	4131
MAP2K1	ENSG00000169032	5604
MAP2K2	ENSG00000126934	5605
MAP3K1	ENSG00000095015	4214
MAP3K7	ENSG00000135341	6885
MAPK1	ENSG00000100030	5594
MAPK8IP3	ENSG00000138834	23162
MAPKBP1	ENSG00000137802	23005
MAPRE2	ENSG00000166974	10982
MARS2	ENSG00000247626	92935
MASP1	ENSG00000127241	5648
MAST1	ENSG00000105613	22983
MAT1A	ENSG00000151224	4143
MATN3	ENSG00000132031	4148
MBD5	ENSG00000204406	55777
MBOAT7	ENSG00000125505	79143
MBTPS1	ENSG00000140943	8720
MBTPS2	ENSG00000012174	51360
MC2R	ENSG00000185231	4158
MCCC1	ENSG00000078070	56922
MCCC2	ENSG00000131844	64087
MCEE	ENSG00000124370	84693
MCM3AP	ENSG00000160294	8888
MCOLN1	ENSG00000090674	57192
MCPH1	ENSG00000147316	79648
MDH2	ENSG00000146701	4191
MECOM	ENSG00000085276	2122
MECP2	ENSG00000169057	4204
MECR	ENSG00000116353	51102
MED12	ENSG00000184634	9968
MED13L	ENSG00000123066	23389
MED17	ENSG00000042429	9440
MED23	ENSG00000112282	9439
MED25	ENSG00000104973	81857
MED27	ENSG00000160563	9442
MEF2C	ENSG00000081189	4208
MEGF10	ENSG00000145794	84466
MEGF8	ENSG00000105429	1954
MEIS2	ENSG00000134138	4212
MEOX1	ENSG00000005102	4222
MESD	ENSG00000117899	23184
MESP2	ENSG00000188095	145873
METTL23	ENSG00000181038	124512
METTL5	ENSG00000138382	29081
MFF	ENSG00000168958	56947
MFN2	ENSG00000116688	9927
MFRP	ENSG00000235718	83552
MFSD2A	ENSG00000168389	84879
MFSD8	ENSG00000164073	256471
MGAT2	ENSG00000168282	4247
MGME1	ENSG00000125871	92667
MGP	ENSG00000111341	4256
MICOS13	ENSG00000174917	125988
MICU1	ENSG00000107745	10367
MID1	ENSG00000101871	4281
MINPP1	ENSG00000107789	9562
MIPEP	ENSG00000027001	4285
MITF	ENSG00000187098	4286
MKKS	ENSG00000285723	8195
MKS1	ENSG00000011143	54903
MLC1	ENSG00000100427	23209
MLYCD	ENSG00000103150	23417
MMAA	ENSG00000151611	166785
MMAB	ENSG00000139428	326625
MMACHC	ENSG00000132763	25974
MMADHC	ENSG00000168288	27249
MMP13	ENSG00000137745	4322
MMP2	ENSG00000087245	4313
MMP21	ENSG00000154485	118856
MMUT	ENSG00000146085	4594
MN1	ENSG00000169184	4330
MNX1	ENSG00000130675	3110
MOCS1	ENSG00000124615	4337
MOCS2	ENSG00000164172	4338
MOGS	ENSG00000115275	7841
MORC2	ENSG00000133422	22880
MPC1	ENSG00000060762	51660
MPDU1	ENSG00000129255	9526
MPI	ENSG00000178802	4351
MPLKIP	ENSG00000168303	136647
MPV17	ENSG00000115204	4358
MRE11	ENSG00000020922	4361
MRPL3	ENSG00000114686	11222
MRPL44	ENSG00000135900	65080
MRPS2	ENSG00000122140	51116
MRPS22	ENSG00000175110	56945
MRPS34	ENSG00000074071	65993
MSL3	ENSG00000005302	10943
MSMO1	ENSG00000052802	6307
MSTO1	ENSG00000125459	55154
MSX1	ENSG00000163132	4487
MSX2	ENSG00000120149	4488
MTFMT	ENSG00000103707	123263
MTHFR	ENSG00000177000	4524
MTHFS	ENSG00000136371	10588
MTM1	ENSG00000171100	4534
MTO1	ENSG00000135297	25821
MTOR	ENSG00000198793	2475
MTPAP	ENSG00000107951	55149
MTR	ENSG00000116984	4548
MTRR	ENSG00000124275	4552
MTTP	ENSG00000138823	4547
MTX2	ENSG00000128654	10651
MVK	ENSG00000110921	4598
MYCN	ENSG00000134323	4613
MYH3	ENSG00000109063	4621
MYH6	ENSG00000197616	4624
MYH7	ENSG00000092054	4625
MYH8	ENSG00000133020	4626
MYH9	ENSG00000100345	4627
MYMK	ENSG00000187616	389827
MYO18B	ENSG00000133454	84700
MYO5A	ENSG00000197535	4644
MYO5B	ENSG00000167306	4645
MYO7A	ENSG00000137474	4647
MYOCD	ENSG00000141052	93649
MYT1L	ENSG00000186487	23040
NAA10	ENSG00000102030	8260
NAA15	ENSG00000164134	80155
NACC1	ENSG00000160877	112939
NADK2	ENSG00000152620	133686
NADSYN1	ENSG00000172890	55191
NAGA	ENSG00000198951	4668
NAGLU	ENSG00000108784	4669
NAGS	ENSG00000161653	162417
NALCN	ENSG00000102452	259232
NANS	ENSG00000095380	54187
NARS1	ENSG00000134440	4677
NARS2	ENSG00000137513	79731
NAXD	ENSG00000213995	55739
NAXE	ENSG00000163382	128240
NBAS	ENSG00000151779	51594
NBEA	ENSG00000172915	26960
NBN	ENSG00000104320	4683
NCDN	ENSG00000020129	23154
NDE1	ENSG00000072864	54820
NDP	ENSG00000124479	4693
NDST1	ENSG00000070614	3340
NDUFA1	ENSG00000125356	4694
NDUFA10	ENSG00000130414	4705
NDUFA11	ENSG00000174886	126328
NDUFA12	ENSG00000184752	55967
NDUFA2	ENSG00000131495	4695
NDUFA4	ENSG00000189043	4697
NDUFA6	ENSG00000184983	4700
NDUFA9	ENSG00000139180	4704
NDUFAF1	ENSG00000137806	51103
NDUFAF2	ENSG00000164182	91942
NDUFAF3	ENSG00000178057	25915
NDUFAF4	ENSG00000123545	29078
NDUFAF5	ENSG00000101247	79133
NDUFAF6	ENSG00000156170	137682
NDUFAF8	ENSG00000224877	284184
NDUFB11	ENSG00000147123	54539
NDUFB3	ENSG00000119013	4709
NDUFB8	ENSG00000166136	4714
NDUFC2	ENSG00000151366	4718
NDUFS1	ENSG00000023228	4719
NDUFS2	ENSG00000158864	4720
NDUFS3	ENSG00000213619	4722
NDUFS4	ENSG00000164258	4724
NDUFS6	ENSG00000145494	4726
NDUFS7	ENSG00000115286	374291
NDUFS8	ENSG00000110717	4728
NDUFV1	ENSG00000167792	4723
NDUFV2	ENSG00000178127	4729
NEB	ENSG00000183091	4703
NECTIN1	ENSG00000110400	5818
NECTIN4	ENSG00000143217	81607
NEDD4L	ENSG00000049759	23327
NEK1	ENSG00000137601	4750
NEK8	ENSG00000160602	284086
NEMF	ENSG00000165525	9147
NEU1	ENSG00000204386	4758
NEUROD2	ENSG00000171532	4761
NEXMIF	ENSG00000050030	340533
NF1	ENSG00000196712	4763
NFASC	ENSG00000163531	23114
NFIA	ENSG00000162599	4774
NFIX	ENSG00000008441	4784
NFU1	ENSG00000169599	27247
NGLY1	ENSG00000151092	55768
NHLRC1	ENSG00000187566	378884
NHS	ENSG00000188158	4810
NIPBL	ENSG00000164190	25836
NKAP	ENSG00000101882	79576
NKX2-1	ENSG00000136352	7080
NKX2-5	ENSG00000183072	1482
NKX3-2	ENSG00000109705	579
NLGN3	ENSG00000196338	54413
NLRP3	ENSG00000162711	114548
NMNAT1	ENSG00000173614	64802
NNT	ENSG00000112992	23530
NODAL	ENSG00000156574	4838
NOG	ENSG00000183691	9241
NONO	ENSG00000147140	4841
NOTCH1	ENSG00000148400	4851
NOTCH2	ENSG00000134250	4853
NOVA2	ENSG00000104967	4858
NPC1	ENSG00000141458	4864
NPC2	ENSG00000119655	10577
NPHP1	ENSG00000144061	4867
NPHP3	ENSG00000113971	27031
NPHP4	ENSG00000131697	261734
NPHS1	ENSG00000161270	4868
NPHS2	ENSG00000116218	7827
NPR2	ENSG00000159899	4882
NPR3	ENSG00000113389	4883
NR2F1	ENSG00000175745	7025
NR2F2	ENSG00000185551	7026
NR4A2	ENSG00000153234	4929
NR5A1	ENSG00000136931	2516
NRAS	ENSG00000213281	4893
NRROS	ENSG00000174004	375387
NRXN1	ENSG00000179915	9378
NSD1	ENSG00000165671	64324
NSD2	ENSG00000109685	7468
NSDHL	ENSG00000147383	50814
NSUN2	ENSG00000037474	54888
NT5C2	ENSG00000076685	22978
NT5C3A	ENSG00000122643	51251
NTNG2	ENSG00000196358	84628
NTRK1	ENSG00000198400	4914
NTRK2	ENSG00000148053	4915
NUBPL	ENSG00000151413	80224
NUDT2	ENSG00000164978	318
NUP107	ENSG00000111581	57122
NUS1	ENSG00000153989	116150
NXN	ENSG00000167693	64359
NYX	ENSG00000188937	60506
OAT	ENSG00000065154	4942
OBSL1	ENSG00000124006	23363
OCLN	ENSG00000197822	100506658
OCRL	ENSG00000122126	4952
ODAPH	ENSG00000174792	152816
ODC1	ENSG00000115758	4953
OFD1	ENSG00000046651	8481
OGT	ENSG00000147162	8473
OPA1	ENSG00000198836	4976
OPA3	ENSG00000125741	80207
OPHN1	ENSG00000079482	4983
ORC1	ENSG00000085840	4998
ORC4	ENSG00000115947	5000
ORC6	ENSG00000091651	23594
OSGEP	ENSG00000092094	55644
OSTM1	ENSG00000081087	28962
OTC	ENSG00000036473	5009
OTOGL	ENSG00000165899	283310
OTUD5	ENSG00000068308	55593
OTUD6B	ENSG00000155100	51633
OTULIN	ENSG00000154124	90268
OTX2	ENSG00000165588	5015
OXCT1	ENSG00000083720	5019
OXR1	ENSG00000164830	55074
P3H1	ENSG00000117385	64175
P4HB	ENSG00000185624	5034
P4HTM	ENSG00000178467	54681
PACS1	ENSG00000175115	55690
PACS2	ENSG00000179364	23241
PAFAH1B1	ENSG00000007168	5048
PAH	ENSG00000171759	5053
PAK1	ENSG00000149269	5058
PAK3	ENSG00000077264	5063
PALB2	ENSG00000083093	79728
PANK2	ENSG00000125779	80025
PAPSS2	ENSG00000198682	9060
PARN	ENSG00000140694	5073
PARS2	ENSG00000162396	25973
PAX2	ENSG00000075891	5076
PAX3	ENSG00000135903	5077
PAX6	ENSG00000007372	5080
PAX8	ENSG00000125618	7849
PAX9	ENSG00000198807	5083
PBX1	ENSG00000185630	5087
PC	ENSG00000173599	5091
PCARE	ENSG00000179270	388939
PCBD1	ENSG00000166228	5092
PCCA	ENSG00000175198	5095
PCCB	ENSG00000114054	5096
PCDH12	ENSG00000113555	51294
PCDH19	ENSG00000165194	57526
PCDHGC4	ENSG00000242419	56098
PCGF2	ENSG00000277258	7703
PCK1	ENSG00000124253	5105
PCNT	ENSG00000160299	5116
PCSK9	ENSG00000169174	255738
PCYT1A	ENSG00000161217	5130
PCYT2	ENSG00000185813	5833
PDCD10	ENSG00000114209	11235
PDE3A	ENSG00000172572	5139
PDE4D	ENSG00000113448	5144
PDE6G	ENSG00000185527	5148
PDGFRB	ENSG00000113721	5159
PDHA1	ENSG00000131828	5160
PDHB	ENSG00000168291	5162
PDHX	ENSG00000110435	8050
PDP1	ENSG00000164951	54704
PDSS1	ENSG00000148459	23590
PDSS2	ENSG00000164494	57107
PEPD	ENSG00000124299	5184
PET100	ENSG00000229833	100131801
PEX1	ENSG00000127980	5189
PEX10	ENSG00000157911	5192
PEX11B	ENSG00000131779	8799
PEX12	ENSG00000108733	5193
PEX13	ENSG00000162928	5194
PEX14	ENSG00000142655	5195
PEX16	ENSG00000121680	9409
PEX19	ENSG00000162735	5824
PEX2	ENSG00000164751	5828
PEX26	ENSG00000215193	55670
PEX3	ENSG00000034693	8504
PEX5	ENSG00000139197	5830
PEX6	ENSG00000124587	5190
PEX7	ENSG00000112357	5191
PFKM	ENSG00000152556	5213
PGAM2	ENSG00000164708	5224
PGAP1	ENSG00000197121	80055
PGAP2	ENSG00000148985	27315
PGAP3	ENSG00000161395	93210
PGK1	ENSG00000102144	5230
PGM1	ENSG00000079739	5236
PGM3	ENSG00000013375	5238
PHACTR1	ENSG00000112137	221692
PHEX	ENSG00000102174	5251
PHF21A	ENSG00000135365	51317
PHF6	ENSG00000156531	84295
PHF8	ENSG00000172943	23133
PHGDH	ENSG00000092621	26227
PHIP	ENSG00000146247	55023
PHKA1	ENSG00000067177	5255
PHKA2	ENSG00000044446	5256
PHKB	ENSG00000102893	5257
PHKG2	ENSG00000156873	5261
PHOX2B	ENSG00000109132	8929
PHYH	ENSG00000107537	5264
PI4KA	ENSG00000241973	5297
PIBF1	ENSG00000083535	10464
PIDD1	ENSG00000177595	55367
PIEZO2	ENSG00000154864	63895
PIGA	ENSG00000165195	5277
PIGB	ENSG00000069943	9488
PIGC	ENSG00000135845	5279
PIGG	ENSG00000174227	54872
PIGH	ENSG00000100564	5283
PIGK	ENSG00000142892	10026
PIGL	ENSG00000108474	9487
PIGN	ENSG00000197563	23556
PIGO	ENSG00000165282	84720
PIGP	ENSG00000185808	51227
PIGQ	ENSG00000007541	9091
PIGS	ENSG00000087111	94005
PIGT	ENSG00000124155	51604
PIGU	ENSG00000101464	128869
PIGV	ENSG00000060642	55650
PIGW	ENSG00000277161	284098
PIK3C2A	ENSG00000011405	5286
PIK3CA	ENSG00000121879	5290
PIK3R1	ENSG00000145675	5295
PIK3R2	ENSG00000105647	5296
PINK1	ENSG00000158828	65018
PISD	ENSG00000241878	23761
PITRM1	ENSG00000107959	10531
PITX1	ENSG00000069011	5307
PITX2	ENSG00000164093	5308
PITX3	ENSG00000107859	5309
PKD1	ENSG00000008710	5310
PKD1L1	ENSG00000158683	168507
PKD2	ENSG00000118762	5311
PKDCC	ENSG00000162878	91461
PKHD1	ENSG00000170927	5314
PLA2G6	ENSG00000184381	8398
PLAA	ENSG00000137055	9373
PLCB1	ENSG00000182621	23236
PLCE1	ENSG00000138193	51196
PLK4	ENSG00000142731	10733
PLOD1	ENSG00000083444	5351
PLOD2	ENSG00000152952	5352
PLP1	ENSG00000123560	5354
PLPBP	ENSG00000147471	11212
PLS3	ENSG00000102024	5358
PMM2	ENSG00000140650	5373
PMPCA	ENSG00000165688	23203
PMPCB	ENSG00000105819	9512
PMS2	ENSG00000122512	5395
PNKP	ENSG00000039650	11284
PNP	ENSG00000198805	4860
PNPLA6	ENSG00000032444	10908
PNPLA8	ENSG00000135241	50640
PNPO	ENSG00000108439	55163
PNPT1	ENSG00000138035	87178
POC1A	ENSG00000164087	25886
POC1B	ENSG00000139323	282809
POGZ	ENSG00000143442	23126
POLA1	ENSG00000101868	5422
POLD1	ENSG00000062822	5424
POLG	ENSG00000140521	5428
POLG2	ENSG00000256525	11232
POLR1A	ENSG00000068654	25885
POLR1B	ENSG00000125630	84172
POLR1C	ENSG00000171453	9533
POLR1D	ENSG00000186184	51082
POLR2A	ENSG00000181222	5430
POLR3A	ENSG00000148606	11128
POLR3B	ENSG00000013503	55703
POMGNT1	ENSG00000085998	55624
POMGNT2	ENSG00000144647	84892
POMK	ENSG00000185900	84197
POMT1	ENSG00000130714	10585
POMT2	ENSG00000009830	29954
POP1	ENSG00000104356	10940
POR	ENSG00000127948	5447
PORCN	ENSG00000102312	64840
POU1F1	ENSG00000064835	5449
POU3F3	ENSG00000198914	5455
PPA2	ENSG00000138777	27068
PPIB	ENSG00000166794	5479
PPIL1	ENSG00000137168	51645
PPM1D	ENSG00000170836	8493
PPOX	ENSG00000143224	5498
PPP1CB	ENSG00000213639	5500
PPP1R12A	ENSG00000058272	4659
PPP1R15B	ENSG00000158615	84919
PPP1R21	ENSG00000162869	129285
PPP2CA	ENSG00000113575	5515
PPP2R1A	ENSG00000105568	5518
PPP2R5D	ENSG00000112640	5528
PPP3CA	ENSG00000138814	5530
PPT1	ENSG00000131238	5538
PQBP1	ENSG00000102103	10084
PRDM12	ENSG00000130711	59335
PRKACB	ENSG00000142875	5567
PRKAG2	ENSG00000106617	51422
PRKAR1A	ENSG00000108946	5573
PRKD1	ENSG00000184304	5587
PRKG2	ENSG00000138669	5593
PRMT7	ENSG00000132600	54496
PRODH	ENSG00000100033	5625
PROP1	ENSG00000175325	5626
PRPS1	ENSG00000147224	5631
PRR12	ENSG00000126464	57479
PRRT2	ENSG00000167371	112476
PRSS12	ENSG00000164099	8492
PRSS56	ENSG00000237412	646960
PRUNE1	ENSG00000143363	58497
PSAP	ENSG00000197746	5660
PSAT1	ENSG00000135069	29968
PSMB8	ENSG00000204264	5696
PSMD12	ENSG00000197170	5718
PSPH	ENSG00000146733	5723
PTCH1	ENSG00000185920	5727
PTCHD1	ENSG00000165186	139411
PTDSS1	ENSG00000156471	9791
PTEN	ENSG00000171862	5728
PTF1A	ENSG00000168267	256297
PTH1R	ENSG00000160801	5745
PTHLH	ENSG00000087494	5744
PTPN11	ENSG00000179295	5781
PTPN23	ENSG00000076201	25930
PTS	ENSG00000150787	5805
PUF60	ENSG00000179950	22827
PUM1	ENSG00000134644	9698
PURA	ENSG00000185129	5813
PUS1	ENSG00000177192	80324
PUS3	ENSG00000110060	83480
PUS7	ENSG00000091127	54517
PYCR1	ENSG00000183010	5831
PYCR2	ENSG00000143811	29920
PYGL	ENSG00000100504	5836
PYGM	ENSG00000068976	5837
QARS1	ENSG00000172053	5859
QDPR	ENSG00000151552	5860
QRICH1	ENSG00000198218	54870
QRSL1	ENSG00000130348	55278
RAB11B	ENSG00000185236	9230
RAB18	ENSG00000099246	22931
RAB23	ENSG00000112210	51715
RAB33B	ENSG00000172007	83452
RAB39B	ENSG00000155961	116442
RAB3GAP1	ENSG00000115839	22930
RAB3GAP2	ENSG00000118873	25782
RAC1	ENSG00000136238	5879
RAC3	ENSG00000169750	5881
RAD21	ENSG00000164754	5885
RAF1	ENSG00000132155	5894
RAI1	ENSG00000108557	10743
RALA	ENSG00000006451	5898
RALGAPA1	ENSG00000174373	253959
RAPSN	ENSG00000165917	5913
RARB	ENSG00000077092	5915
RARS1	ENSG00000113643	5917
RARS2	ENSG00000146282	57038
RASA1	ENSG00000145715	5921
RASGRP2	ENSG00000068831	10235
RAX	ENSG00000134438	30062
RBBP8	ENSG00000101773	5932
RBCK1	ENSG00000125826	10616
RBM10	ENSG00000182872	8241
RBM8A	ENSG00000265241	9939
RBP4	ENSG00000138207	5950
RBPJ	ENSG00000168214	3516
RECQL4	ENSG00000160957	9401
RELN	ENSG00000189056	5649
REN	ENSG00000143839	5972
RERE	ENSG00000142599	473
RET	ENSG00000165731	5979
RETREG1	ENSG00000154153	54463
RFT1	ENSG00000163933	91869
RFX6	ENSG00000185002	222546
RHOBTB2	ENSG00000008853	23221
RINT1	ENSG00000135249	60561
RIPK4	ENSG00000183421	54101
RIT1	ENSG00000143622	6016
RLIM	ENSG00000131263	51132
RMND1	ENSG00000155906	55005
RMRP	ENSG00000269900	6023
RNASEH1	ENSG00000171865	246243
RNASEH2A	ENSG00000104889	10535
RNASEH2B	ENSG00000136104	79621
RNASEH2C	ENSG00000172922	84153
RNASET2	ENSG00000026297	8635
RNF113A	ENSG00000125352	7737
RNF125	ENSG00000101695	54941
RNF13	ENSG00000082996	11342
RNU4ATAC	ENSG00000264229	100151683
RNU7-1	ENSG00000238923	100147744
ROBO3	ENSG00000154134	64221
ROGDI	ENSG00000067836	79641
ROR2	ENSG00000169071	4920
RORA	ENSG00000069667	6095
RPE65	ENSG00000116745	6121
RPGRIP1	ENSG00000092200	57096
RPGRIP1L	ENSG00000103494	23322
RPIA	ENSG00000153574	22934
RPL10	ENSG00000147403	6134
RPL11	ENSG00000142676	6135
RPL13	ENSG00000167526	6137
RPL35A	ENSG00000182899	6165
RPL5	ENSG00000122406	6125
RPS10	ENSG00000124614	6204
RPS17	ENSG00000182774	6218
RPS19	ENSG00000105372	6223
RPS24	ENSG00000138326	6229
RPS26	ENSG00000197728	6231
RPS6KA3	ENSG00000177189	6197
RPS7	ENSG00000171863	6201
RRAS2	ENSG00000133818	22800
RRM2B	ENSG00000048392	50484
RSPH1	ENSG00000160188	89765
RSPH3	ENSG00000130363	83861
RSPO4	ENSG00000101282	343637
RSRC1	ENSG00000174891	51319
RTEL1	ENSG00000258366	51750
RTN4IP1	ENSG00000130347	84816
RTTN	ENSG00000176225	25914
RUNX2	ENSG00000124813	860
RXYLT1	ENSG00000118600	10329
RYR1	ENSG00000196218	6261
SACS	ENSG00000151835	26278
SALL1	ENSG00000103449	6299
SALL4	ENSG00000101115	57167
SAMD9	ENSG00000205413	54809
SAMHD1	ENSG00000101347	25939
SAR1B	ENSG00000152700	51128
SARS2	ENSG00000104835	54938
SATB1	ENSG00000182568	6304
SATB2	ENSG00000119042	23314
SBDS	ENSG00000126524	51119
SBF1	ENSG00000100241	6305
SC5D	ENSG00000109929	6309
SCAPER	ENSG00000140386	49855
SCARF2	ENSG00000244486	91179
SCN11A	ENSG00000168356	11280
SCN1A	ENSG00000144285	6323
SCN1B	ENSG00000105711	6324
SCN2A	ENSG00000136531	6326
SCN3A	ENSG00000153253	6328
SCN4A	ENSG00000007314	6329
SCN8A	ENSG00000196876	6334
SCO1	ENSG00000133028	6341
SCO2	ENSG00000284194	9997
SCP2	ENSG00000116171	6342
SCUBE3	ENSG00000146197	222663
SCYL1	ENSG00000142186	57410
SDCCAG8	ENSG00000054282	10806
SDHA	ENSG00000073578	6389
SDHAF1	ENSG00000205138	644096
SDHB	ENSG00000117118	6390
SDHD	ENSG00000204370	6392
SEC23B	ENSG00000101310	10483
SEC24D	ENSG00000150961	9871
SEPSECS	ENSG00000109618	51091
SEPTIN9	ENSG00000184640	10801
SERAC1	ENSG00000122335	84947
SERPINF1	ENSG00000132386	5176
SERPINH1	ENSG00000149257	871
SET	ENSG00000119335	6418
SETBP1	ENSG00000152217	26040
SETD1A	ENSG00000099381	9739
SETD1B	ENSG00000139718	23067
SETD2	ENSG00000181555	29072
SETD5	ENSG00000168137	55209
SETX	ENSG00000107290	23064
SF3B4	ENSG00000143368	10262
SFRP4	ENSG00000106483	6424
SFXN4	ENSG00000183605	119559
SGMS2	ENSG00000164023	166929
SGPL1	ENSG00000166224	8879
SGSH	ENSG00000181523	6448
SH3BP2	ENSG00000087266	6452
SH3PXD2B	ENSG00000174705	285590
SHANK2	ENSG00000162105	22941
SHANK3	ENSG00000251322	85358
SHH	ENSG00000164690	6469
SHMT2	ENSG00000182199	6472
SHOC2	ENSG00000108061	8036
SHOX	ENSG00000185960	6473
SI	ENSG00000090402	6476
SIAH1	ENSG00000196470	6477
SIK1	ENSG00000142178	150094
SIL1	ENSG00000120725	64374
SIN3A	ENSG00000169375	25942
SIX1	ENSG00000126778	6495
SIX3	ENSG00000138083	6496
SIX5	ENSG00000177045	147912
SKI	ENSG00000157933	6497
SKIV2L	ENSG00000204351	6499
SLC10A7	ENSG00000120519	84068
SLC12A2	ENSG00000064651	6558
SLC12A3	ENSG00000070915	6559
SLC12A5	ENSG00000124140	57468
SLC12A6	ENSG00000140199	9990
SLC13A5	ENSG00000141485	284111
SLC16A1	ENSG00000155380	6566
SLC16A2	ENSG00000147100	6567
SLC17A5	ENSG00000119899	26503
SLC18A2	ENSG00000165646	6571
SLC19A2	ENSG00000117479	10560
SLC19A3	ENSG00000135917	80704
SLC1A1	ENSG00000106688	6505
SLC1A2	ENSG00000110436	6506
SLC1A4	ENSG00000115902	6509
SLC22A5	ENSG00000197375	6584
SLC25A1	ENSG00000100075	6576
SLC25A12	ENSG00000115840	8604
SLC25A13	ENSG00000004864	10165
SLC25A15	ENSG00000102743	10166
SLC25A19	ENSG00000125454	60386
SLC25A20	ENSG00000178537	788
SLC25A22	ENSG00000177542	79751
SLC25A24	ENSG00000085491	29957
SLC25A26	ENSG00000144741	115286
SLC25A3	ENSG00000075415	5250
SLC25A32	ENSG00000164933	81034
SLC25A38	ENSG00000144659	54977
SLC25A4	ENSG00000151729	291
SLC25A42	ENSG00000181035	284439
SLC25A46	ENSG00000164209	91137
SLC26A2	ENSG00000155850	1836
SLC27A4	ENSG00000167114	10999
SLC29A3	ENSG00000198246	55315
SLC2A1	ENSG00000117394	6513
SLC2A10	ENSG00000197496	81031
SLC2A2	ENSG00000163581	6514
SLC30A10	ENSG00000196660	55532
SLC33A1	ENSG00000169359	9197
SLC34A1	ENSG00000131183	6569
SLC34A3	ENSG00000198569	142680
SLC35A1	ENSG00000164414	10559
SLC35A2	ENSG00000102100	7355
SLC35C1	ENSG00000181830	55343
SLC35D1	ENSG00000116704	23169
SLC37A4	ENSG00000137700	2542
SLC39A13	ENSG00000165915	91252
SLC39A14	ENSG00000104635	23516
SLC39A4	ENSG00000147804	55630
SLC39A8	ENSG00000138821	64116
SLC3A1	ENSG00000138079	6519
SLC40A1	ENSG00000138449	30061
SLC46A1	ENSG00000076351	113235
SLC4A1	ENSG00000004939	6521
SLC4A11	ENSG00000088836	83959
SLC4A4	ENSG00000080493	8671
SLC52A2	ENSG00000185803	79581
SLC52A3	ENSG00000101276	113278
SLC5A1	ENSG00000100170	6523
SLC5A5	ENSG00000105641	6528
SLC5A6	ENSG00000138074	8884
SLC6A1	ENSG00000157103	6529
SLC6A17	ENSG00000197106	388662
SLC6A19	ENSG00000174358	340024
SLC6A20	ENSG00000163817	54716
SLC6A3	ENSG00000142319	6531
SLC6A5	ENSG00000165970	9152
SLC6A8	ENSG00000130821	6535
SLC6A9	ENSG00000196517	6536
SLC7A7	ENSG00000155465	9056
SLC7A9	ENSG00000021488	11136
SLC9A6	ENSG00000198689	10479
SLCO2A1	ENSG00000174640	6578
SLX4	ENSG00000188827	84464
SMAD3	ENSG00000166949	4088
SMAD4	ENSG00000141646	4089
SMAD6	ENSG00000137834	4091
SMARCA2	ENSG00000080503	6595
SMARCA4	ENSG00000127616	6597
SMARCAL1	ENSG00000138375	50485
SMARCB1	ENSG00000099956	6598
SMARCC2	ENSG00000139613	6601
SMARCD1	ENSG00000066117	6602
SMARCE1	ENSG00000073584	6605
SMC1A	ENSG00000072501	8243
SMC3	ENSG00000108055	9126
SMCHD1	ENSG00000101596	23347
SMG8	ENSG00000167447	55181
SMO	ENSG00000128602	6608
SMOC1	ENSG00000198732	64093
SMPD1	ENSG00000166311	6609
SMPD4	ENSG00000136699	55627
SMS	ENSG00000102172	6611
SNAP25	ENSG00000132639	6616
SNAP29	ENSG00000099940	9342
SNIP1	ENSG00000163877	79753
SNORD118	ENSG00000200463	727676
SNRPB	ENSG00000125835	6628
SNX10	ENSG00000086300	29887
SNX14	ENSG00000135317	57231
SON	ENSG00000159140	6651
SOS1	ENSG00000115904	6654
SOS2	ENSG00000100485	6655
SOST	ENSG00000167941	50964
SOX10	ENSG00000100146	6663
SOX11	ENSG00000176887	6664
SOX17	ENSG00000164736	64321
SOX2	ENSG00000181449	6657
SOX3	ENSG00000134595	6658
SOX4	ENSG00000124766	6659
SOX5	ENSG00000134532	6660
SOX6	ENSG00000110693	55553
SOX9	ENSG00000125398	6662
SP7	ENSG00000170374	121340
SPAG1	ENSG00000104450	6674
SPARC	ENSG00000113140	6678
SPART	ENSG00000133104	23111
SPATA5	ENSG00000145375	166378
SPECC1L	ENSG00000100014	23384
SPEG	ENSG00000072195	10290
SPEN	ENSG00000065526	23013
SPG11	ENSG00000104133	80208
SPG7	ENSG00000197912	6687
SPOP	ENSG00000121067	8405
SPR	ENSG00000116096	6697
SPRED1	ENSG00000166068	161742
SPTAN1	ENSG00000197694	6709
SPTBN1	ENSG00000115306	6711
SPTBN2	ENSG00000173898	6712
SPTBN4	ENSG00000160460	57731
SPTLC1	ENSG00000090054	10558
SPTLC2	ENSG00000100596	9517
SRCAP	ENSG00000080603	10847
SRD5A3	ENSG00000128039	79644
SRY	ENSG00000184895	6736
SSBP1	ENSG00000106028	6742
SSR4	ENSG00000180879	6748
ST3GAL3	ENSG00000126091	6487
ST3GAL5	ENSG00000115525	8869
STAG1	ENSG00000118007	10274
STAG2	ENSG00000101972	10735
STAMBP	ENSG00000124356	10617
STAR	ENSG00000147465	6770
STIL	ENSG00000123473	6491
STN1	ENSG00000107960	79991
STRA6	ENSG00000137868	64220
STRADA	ENSG00000266173	92335
STS	ENSG00000101846	412
STT3A	ENSG00000134910	3703
STX1B	ENSG00000099365	112755
STXBP1	ENSG00000136854	6812
SUCLA2	ENSG00000136143	8803
SUCLG1	ENSG00000163541	8802
SUMF1	ENSG00000144455	285362
SUOX	ENSG00000139531	6821
SUPT16H	ENSG00000092201	11198
SURF1	ENSG00000148290	6834
SUZ12	ENSG00000178691	23512
SVBP	ENSG00000177868	374969
SYN1	ENSG00000008056	6853
SYNE1	ENSG00000131018	23345
SYNGAP1	ENSG00000197283	8831
SYNJ1	ENSG00000159082	8867
SYP	ENSG00000102003	6855
SYT1	ENSG00000067715	6857
SZT2	ENSG00000198198	23334
TAB2	ENSG00000228408	23118
TACO1	ENSG00000136463	51204
TAF1	ENSG00000147133	6872
TAF6	ENSG00000106290	6878
TALDO1	ENSG00000177156	6888
TANC2	ENSG00000170921	26115
TANGO2	ENSG00000183597	128989
TAOK1	ENSG00000160551	57551
TAPT1	ENSG00000169762	202018
TARS2	ENSG00000143374	80222
TASP1	ENSG00000089123	55617
TAT	ENSG00000198650	6898
TAZ	ENSG00000102125	6901
TBC1D20	ENSG00000125875	128637
TBC1D23	ENSG00000036054	55773
TBC1D24	ENSG00000162065	57465
TBCD	ENSG00000141556	6904
TBCE	ENSG00000284770	6905
TBCK	ENSG00000145348	93627
TBL1XR1	ENSG00000177565	79718
TBR1	ENSG00000136535	10716
TBX1	ENSG00000184058	6899
TBX15	ENSG00000092607	6913
TBX18	ENSG00000112837	9096
TBX20	ENSG00000164532	57057
TBX22	ENSG00000122145	50945
TBX3	ENSG00000135111	6926
TBX4	ENSG00000121075	9496
TBX5	ENSG00000089225	6910
TBX6	ENSG00000149922	6911
TBXAS1	ENSG00000059377	6916
TCF12	ENSG00000140262	6938
TCF20	ENSG00000100207	6942
TCF4	ENSG00000196628	6925
TCF7L2	ENSG00000148737	6934
TCIRG1	ENSG00000110719	10312
TCN2	ENSG00000185339	6948
TCOF1	ENSG00000070814	6949
TCTEX1D2	ENSG00000213123	255758
TCTN1	ENSG00000204852	79600
TCTN2	ENSG00000168778	79867
TCTN3	ENSG00000119977	26123
TDP2	ENSG00000111802	51567
TECPR2	ENSG00000196663	9895
TEK	ENSG00000120156	7010
TELO2	ENSG00000100726	9894
TENM3	ENSG00000218336	55714
TENT5A	ENSG00000112773	55603
TERT	ENSG00000164362	7015
TET3	ENSG00000187605	200424
TFAP2A	ENSG00000137203	7020
TFAP2B	ENSG00000008196	7021
TFE3	ENSG00000068323	7030
TFR2	ENSG00000106327	7036
TGDS	ENSG00000088451	23483
TGFB1	ENSG00000105329	7040
TGFB2	ENSG00000092969	7042
TGFB3	ENSG00000119699	7043
TGFBR1	ENSG00000106799	7046
TGFBR2	ENSG00000163513	7048
TGIF1	ENSG00000177426	7050
TH	ENSG00000180176	7054
THAP1	ENSG00000131931	55145
THOC2	ENSG00000125676	57187
THOC6	ENSG00000131652	79228
THRA	ENSG00000126351	7067
TIMM50	ENSG00000105197	92609
TIMM8A	ENSG00000126953	1678
TINF2	ENSG00000092330	26277
TK2	ENSG00000166548	7084
TLK2	ENSG00000146872	11011
TMCO1	ENSG00000143183	54499
TMEM106B	ENSG00000106460	54664
TMEM107	ENSG00000179029	84314
TMEM126B	ENSG00000171204	55863
TMEM138	ENSG00000149483	51524
TMEM165	ENSG00000134851	55858
TMEM199	ENSG00000244045	147007
TMEM216	ENSG00000187049	51259
TMEM218	ENSG00000150433	219854
TMEM222	ENSG00000186501	84065
TMEM231	ENSG00000205084	79583
TMEM237	ENSG00000155755	65062
TMEM240	ENSG00000205090	339453
TMEM38B	ENSG00000095209	55151
TMEM67	ENSG00000164953	91147
TMEM70	ENSG00000175606	54968
TMEM94	ENSG00000177728	9772
TMPRSS6	ENSG00000187045	164656
TMTC3	ENSG00000139324	160418
TMX2	ENSG00000213593	51075
TNFRSF11A	ENSG00000141655	8792
TNFRSF11B	ENSG00000164761	4982
TNFSF11	ENSG00000120659	8600
TNPO2	ENSG00000105576	30000
TNRC6B	ENSG00000100354	23112
TOE1	ENSG00000132773	114034
TONSL	ENSG00000160949	4796
TOP3A	ENSG00000177302	7156
TOR1A	ENSG00000136827	1861
TP63	ENSG00000073282	8626
TP73	ENSG00000078900	7161
TPK1	ENSG00000196511	27010
TPP1	ENSG00000166340	1200
TRAF3IP1	ENSG00000204104	26146
TRAF7	ENSG00000131653	84231
TRAIP	ENSG00000183763	10293
TRAPPC12	ENSG00000171853	51112
TRAPPC2	ENSG00000196459	6399
TRAPPC4	ENSG00000196655	51399
TRAPPC6B	ENSG00000182400	122553
TRAPPC9	ENSG00000167632	83696
TREM2	ENSG00000095970	54209
TREX1	ENSG00000213689	11277
TRIM32	ENSG00000119401	22954
TRIM37	ENSG00000108395	4591
TRIM8	ENSG00000171206	81603
TRIO	ENSG00000038382	7204
TRIP11	ENSG00000100815	9321
TRIP12	ENSG00000153827	9320
TRIT1	ENSG00000043514	54802
TRMT1	ENSG00000104907	55621
TRMT10A	ENSG00000145331	93587
TRMT10C	ENSG00000174173	54931
TRMT5	ENSG00000126814	57570
TRMU	ENSG00000100416	55687
TRNT1	ENSG00000072756	51095
TRPM1	ENSG00000134160	4308
TRPM6	ENSG00000119121	140803
TRPS1	ENSG00000104447	7227
TRPV4	ENSG00000111199	59341
TRPV6	ENSG00000165125	55503
TRRAP	ENSG00000196367	8295
TSC1	ENSG00000165699	7248
TSC2	ENSG00000103197	7249
TSEN2	ENSG00000154743	80746
TSEN34	ENSG00000170892	79042
TSEN54	ENSG00000182173	283989
TSFM	ENSG00000123297	10102
TSHB	ENSG00000134200	7252
TSHR	ENSG00000165409	7253
TSPAN7	ENSG00000156298	7102
TSPYL1	ENSG00000189241	7259
TTC19	ENSG00000011295	54902
TTC21B	ENSG00000123607	79809
TTC37	ENSG00000198677	9652
TTC5	ENSG00000136319	91875
TTC7A	ENSG00000068724	57217
TTC8	ENSG00000165533	123016
TTI2	ENSG00000129696	80185
TTN	ENSG00000155657	7273
TTPA	ENSG00000137561	7274
TUBA1A	ENSG00000167552	7846
TUBA8	ENSG00000183785	51807
TUBB	ENSG00000196230	203068
TUBB2A	ENSG00000137267	7280
TUBB2B	ENSG00000137285	347733
TUBB3	ENSG00000258947	10381
TUBB4A	ENSG00000104833	10382
TUBG1	ENSG00000131462	7283
TUBGCP6	ENSG00000128159	85378
TUFM	ENSG00000178952	7284
TUSC3	ENSG00000104723	7991
TWIST1	ENSG00000122691	7291
TWIST2	ENSG00000233608	117581
TWNK	ENSG00000107815	56652
TXNDC15	ENSG00000113621	79770
TXNL4A	ENSG00000141759	10907
TYMP	ENSG00000025708	1890
TYR	ENSG00000077498	7299
TYROBP	ENSG00000011600	7305
TYRP1	ENSG00000107165	7306
UBA5	ENSG00000081307	79876
UBE2A	ENSG00000077721	7319
UBE2T	ENSG00000077152	29089
UBE3A	ENSG00000114062	7337
UBE3B	ENSG00000151148	89910
UBE4A	ENSG00000110344	9354
UBR1	ENSG00000159459	197131
UBR7	ENSG00000012963	55148
UBTF	ENSG00000108312	7343
UFC1	ENSG00000143222	51506
UFM1	ENSG00000120686	51569
UFSP2	ENSG00000109775	55325
UGDH	ENSG00000109814	7358
UGP2	ENSG00000169764	7360
UGT1A1	ENSG00000241635	54658
UMOD	ENSG00000169344	7369
UMPS	ENSG00000114491	7372
UNC45A	ENSG00000140553	55898
UNC80	ENSG00000144406	285175
UPB1	ENSG00000100024	51733
UPF3B	ENSG00000125351	65109
UQCC2	ENSG00000137288	84300
UQCRB	ENSG00000156467	7381
UROC1	ENSG00000159650	131669
UROD	ENSG00000126088	7389
UROS	ENSG00000188690	7390
USB1	ENSG00000103005	79650
USP7	ENSG00000187555	7874
USP9X	ENSG00000124486	8239
UVSSA	ENSG00000163945	57654
VAMP2	ENSG00000220205	6844
VARS1	ENSG00000204394	7407
VARS2	ENSG00000137411	57176
VDR	ENSG00000111424	7421
VIPAS39	ENSG00000151445	63894
VKORC1	ENSG00000167397	79001
VLDLR	ENSG00000147852	7436
VPS11	ENSG00000160695	55823
VPS13B	ENSG00000132549	157680
VPS33B	ENSG00000184056	26276
VPS41	ENSG00000006715	27072
VPS4A	ENSG00000132612	27183
VPS53	ENSG00000141252	55275
VRK1	ENSG00000100749	7443
VSX2	ENSG00000119614	338917
WAC	ENSG00000095787	51322
WARS2	ENSG00000116874	10352
WASF1	ENSG00000112290	8936
WBP11	ENSG00000084463	51729
WDFY3	ENSG00000163625	23001
WDPCP	ENSG00000143951	51057
WDR11	ENSG00000120008	55717
WDR19	ENSG00000157796	57728
WDR26	ENSG00000162923	80232
WDR34	ENSG00000119333	89891
WDR35	ENSG00000118965	57539
WDR37	ENSG00000047056	22884
WDR4	ENSG00000160193	10785
WDR45	ENSG00000196998	11152
WDR45B	ENSG00000141580	56270
WDR60	ENSG00000126870	55112
WDR62	ENSG00000075702	284403
WDR73	ENSG00000177082	84942
WDR81	ENSG00000167716	124997
WFS1	ENSG00000109501	7466
WNT1	ENSG00000125084	7471
WNT10B	ENSG00000169884	7480
WNT3	ENSG00000108379	7473
WNT5A	ENSG00000114251	7474
WNT7A	ENSG00000154764	7476
WRAP53	ENSG00000141499	55135
WT1	ENSG00000184937	7490
WWOX	ENSG00000186153	51741
XDH	ENSG00000158125	7498
XPA	ENSG00000136936	7507
XPC	ENSG00000154767	7508
XRCC4	ENSG00000152422	7518
XYLT1	ENSG00000103489	64131
XYLT2	ENSG00000015532	64132
YARS2	ENSG00000139131	51067
YIF1B	ENSG00000167645	90522
YIPF5	ENSG00000145817	81555
YWHAG	ENSG00000170027	7532
YY1	ENSG00000100811	7528
ZBTB18	ENSG00000179456	10472
ZBTB20	ENSG00000181722	26137
ZBTB24	ENSG00000112365	9841
ZC4H2	ENSG00000126970	55906
ZDHHC9	ENSG00000188706	51114
ZEB2	ENSG00000169554	9839
ZFP57	ENSG00000204644	346171
ZFYVE26	ENSG00000072121	23503
ZIC1	ENSG00000152977	7545
ZIC2	ENSG00000043355	7546
ZIC3	ENSG00000156925	7547
ZMIZ1	ENSG00000108175	57178
ZMPSTE24	ENSG00000084073	10269
ZMYND11	ENSG00000015171	10771
ZNF142	ENSG00000115568	7701
ZNF335	ENSG00000198026	63925
ZNF462	ENSG00000148143	58499
ZNF526	ENSG00000167625	116115
ZNF687	ENSG00000143373	57592
ZNF699	ENSG00000196110	374879
ZNF711	ENSG00000147180	7552
ZSWIM6	ENSG00000130449	57688